timestamp,service,container_id,container_name,cpu_percent,memory_usage_bytes,memory_limit_bytes,memory_percent,net_input_bytes,net_output_bytes,block_input_bytes,block_output_bytes,pids
2026-09-25T23:59:07+00:00,oxphp,0fb77ee85683,yii3-benchmarks-oxphp-oxphp-1,188.84,155818394,33608119091,0.46,1680000000,6350000000,131000,0,31
2026-09-25T23:59:07+00:00,postgres,7c182f6ca1ab,yii3-benchmarks-oxphp-postgres-1,227.66,88457871,33608119091,0.26,11500000,127000000,0,297000000,29
2026-09-25T23:59:07+00:00,valkey,02e9553fc52f,yii3-benchmarks-oxphp-valkey-1,1.16,3825205,33608119091,0.01,195000000,34500000,0,0,8
2026-09-25T23:59:10+00:00,oxphp,0fb77ee85683,yii3-benchmarks-oxphp-oxphp-1,184.73,155294106,33608119091,0.46,1770000000,6500000000,131000,0,31
2026-09-25T23:59:10+00:00,postgres,7c182f6ca1ab,yii3-benchmarks-oxphp-postgres-1,202.25,85710602,33608119091,0.26,17300000,191000000,0,297000000,29
2026-09-25T23:59:10+00:00,valkey,02e9553fc52f,yii3-benchmarks-oxphp-valkey-1,1.12,3825205,33608119091,0.01,195000000,34500000,0,0,8
2026-09-25T23:59:13+00:00,oxphp,0fb77ee85683,yii3-benchmarks-oxphp-oxphp-1,186.41,155818394,33608119091,0.46,1830000000,6620000000,131000,0,31
2026-09-25T23:59:13+00:00,postgres,7c182f6ca1ab,yii3-benchmarks-oxphp-postgres-1,205.04,85532344,33608119091,0.25,21200000,234000000,0,297000000,29
2026-09-25T23:59:13+00:00,valkey,02e9553fc52f,yii3-benchmarks-oxphp-valkey-1,1,3825205,33608119091,0.01,196000000,34500000,0,0,8
2026-09-25T23:59:16+00:00,oxphp,0fb77ee85683,yii3-benchmarks-oxphp-oxphp-1,196.81,157076685,33608119091,0.47,1880000000,6690000000,131000,0,31
2026-09-25T23:59:16+00:00,postgres,7c182f6ca1ab,yii3-benchmarks-oxphp-postgres-1,225.18,85784003,33608119091,0.26,28900000,319000000,0,297000000,29
2026-09-25T23:59:16+00:00,valkey,02e9553fc52f,yii3-benchmarks-oxphp-valkey-1,2.99,3825205,33608119091,0.01,196000000,34600000,0,0,8
2026-09-25T23:59:19+00:00,oxphp,0fb77ee85683,yii3-benchmarks-oxphp-oxphp-1,211.38,155294106,33608119091,0.46,1960000000,6850000000,131000,0,31
2026-09-25T23:59:19+00:00,postgres,7c182f6ca1ab,yii3-benchmarks-oxphp-postgres-1,225.86,85626716,33608119091,0.25,34700000,384000000,0,297000000,29
2026-09-25T23:59:19+00:00,valkey,02e9553fc52f,yii3-benchmarks-oxphp-valkey-1,2.67,3825205,33608119091,0.01,196000000,34600000,0,0,8
2026-09-25T23:59:22+00:00,oxphp,0fb77ee85683,yii3-benchmarks-oxphp-oxphp-1,174.65,158230118,33608119091,0.47,2030000000,6960000000,131000,0,31
2026-09-25T23:59:22+00:00,postgres,7c182f6ca1ab,yii3-benchmarks-oxphp-postgres-1,215.34,85721088,33608119091,0.26,38600000,427000000,0,297000000,29
2026-09-25T23:59:22+00:00,valkey,02e9553fc52f,yii3-benchmarks-oxphp-valkey-1,2.64,3825205,33608119091,0.01,196000000,34600000,0,0,8
2026-09-25T23:59:25+00:00,oxphp,0fb77ee85683,yii3-benchmarks-oxphp-oxphp-1,194.71,157181542,33608119091,0.47,2090000000,7080000000,131000,0,31
2026-09-25T23:59:25+00:00,postgres,7c182f6ca1ab,yii3-benchmarks-oxphp-postgres-1,191.94,89233818,33608119091,0.27,44400000,491000000,0,297000000,29
2026-09-25T23:59:25+00:00,valkey,02e9553fc52f,yii3-benchmarks-oxphp-valkey-1,1.09,3825205,33608119091,0.01,196000000,34600000,0,0,8
2026-09-25T23:59:28+00:00,oxphp,0fb77ee85683,yii3-benchmarks-oxphp-oxphp-1,202.95,158649549,33608119091,0.47,2160000000,7190000000,131000,0,31
2026-09-25T23:59:28+00:00,postgres,7c182f6ca1ab,yii3-benchmarks-oxphp-postgres-1,216.18,86025175,33608119091,0.26,52100000,577000000,0,297000000,29
2026-09-25T23:59:28+00:00,valkey,02e9553fc52f,yii3-benchmarks-oxphp-valkey-1,1.11,3825205,33608119091,0.01,196000000,34700000,0,0,8
2026-09-25T23:59:31+00:00,oxphp,0fb77ee85683,yii3-benchmarks-oxphp-oxphp-1,166.86,157600973,33608119091,0.47,2230000000,7310000000,131000,0,31
2026-09-25T23:59:31+00:00,postgres,7c182f6ca1ab,yii3-benchmarks-oxphp-postgres-1,188.49,85563802,33608119091,0.25,57900000,641000000,0,297000000,29
2026-09-25T23:59:31+00:00,valkey,02e9553fc52f,yii3-benchmarks-oxphp-valkey-1,2.7,3825205,33608119091,0.01,196000000,34700000,0,0,8
2026-09-25T23:59:34+00:00,oxphp,0fb77ee85683,yii3-benchmarks-oxphp-oxphp-1,170.74,157915546,33608119091,0.47,2270000000,7390000000,131000,0,31
2026-09-25T23:59:34+00:00,postgres,7c182f6ca1ab,yii3-benchmarks-oxphp-postgres-1,195.79,87126180,33608119091,0.26,63700000,705000000,0,297000000,29
2026-09-25T23:59:34+00:00,valkey,02e9553fc52f,yii3-benchmarks-oxphp-valkey-1,2.72,3825205,33608119091,0.01,197000000,34700000,0,0,8
2026-09-25T23:59:37+00:00,oxphp,0fb77ee85683,yii3-benchmarks-oxphp-oxphp-1,330.52,157810688,33608119091,0.47,2400000000,7610000000,131000,0,31
2026-09-25T23:59:37+00:00,postgres,7c182f6ca1ab,yii3-benchmarks-oxphp-postgres-1,371.82,85888860,33608119091,0.26,69300000,766000000,0,297000000,29
2026-09-25T23:59:37+00:00,valkey,02e9553fc52f,yii3-benchmarks-oxphp-valkey-1,3.17,3825205,33608119091,0.01,197000000,34700000,0,0,8
2026-09-25T23:59:40+00:00,oxphp,0fb77ee85683,yii3-benchmarks-oxphp-oxphp-1,332.5,158754406,33608119091,0.47,2530000000,7840000000,131000,0,31
2026-09-25T23:59:40+00:00,postgres,7c182f6ca1ab,yii3-benchmarks-oxphp-postgres-1,379.77,86035661,33608119091,0.26,84700000,938000000,0,297000000,29
2026-09-25T23:59:40+00:00,valkey,02e9553fc52f,yii3-benchmarks-oxphp-valkey-1,1.54,3825205,33608119091,0.01,197000000,34800000,0,0,8
2026-09-25T23:59:43+00:00,oxphp,0fb77ee85683,yii3-benchmarks-oxphp-oxphp-1,340.52,157915546,33608119091,0.47,2660000000,8070000000,131000,0,31
2026-09-25T23:59:43+00:00,postgres,7c182f6ca1ab,yii3-benchmarks-oxphp-postgres-1,403.06,89831506,33608119091,0.27,92500000,1020000000,0,297000000,29
2026-09-25T23:59:43+00:00,valkey,02e9553fc52f,yii3-benchmarks-oxphp-valkey-1,1.56,3825205,33608119091,0.01,197000000,34900000,0,0,8
2026-09-25T23:59:46+00:00,oxphp,0fb77ee85683,yii3-benchmarks-oxphp-oxphp-1,334.14,157496115,33608119091,0.47,2790000000,8300000000,131000,0,31
2026-09-25T23:59:46+00:00,postgres,7c182f6ca1ab,yii3-benchmarks-oxphp-postgres-1,389.56,87147151,33608119091,0.26,104000000,1150000000,0,297000000,29
2026-09-25T23:59:46+00:00,valkey,02e9553fc52f,yii3-benchmarks-oxphp-valkey-1,3.3,3825205,33608119091,0.01,198000000,34900000,0,0,8
2026-09-25T23:59:49+00:00,oxphp,0fb77ee85683,yii3-benchmarks-oxphp-oxphp-1,330.24,158439834,33608119091,0.47,2920000000,8530000000,131000,0,31
2026-09-25T23:59:49+00:00,postgres,7c182f6ca1ab,yii3-benchmarks-oxphp-postgres-1,381.96,85752545,33608119091,0.26,120000000,1320000000,0,297000000,29
2026-09-25T23:59:49+00:00,valkey,02e9553fc52f,yii3-benchmarks-oxphp-valkey-1,3.17,3825205,33608119091,0.01,198000000,34900000,0,0,8
2026-09-25T23:59:52+00:00,oxphp,0fb77ee85683,yii3-benchmarks-oxphp-oxphp-1,311.84,157915546,33608119091,0.47,3060000000,8760000000,131000,0,31
2026-09-25T23:59:52+00:00,postgres,7c182f6ca1ab,yii3-benchmarks-oxphp-postgres-1,361.45,86203433,33608119091,0.26,131000000,1450000000,0,297000000,29
2026-09-25T23:59:52+00:00,valkey,02e9553fc52f,yii3-benchmarks-oxphp-valkey-1,1.68,3825205,33608119091,0.01,198000000,35000000,0,0,8
2026-09-25T23:59:55+00:00,oxphp,0fb77ee85683,yii3-benchmarks-oxphp-oxphp-1,307.53,158230118,33608119091,0.47,3190000000,8990000000,131000,0,31
2026-09-25T23:59:55+00:00,postgres,7c182f6ca1ab,yii3-benchmarks-oxphp-postgres-1,362.79,89296732,33608119091,0.27,143000000,1580000000,0,297000000,29
2026-09-25T23:59:55+00:00,valkey,02e9553fc52f,yii3-benchmarks-oxphp-valkey-1,3.22,3825205,33608119091,0.01,198000000,35000000,0,0,8
2026-09-25T23:59:58+00:00,oxphp,0fb77ee85683,yii3-benchmarks-oxphp-oxphp-1,400.82,158230118,33608119091,0.47,3320000000,9220000000,131000,0,31
2026-09-25T23:59:58+00:00,postgres,7c182f6ca1ab,yii3-benchmarks-oxphp-postgres-1,444.81,87912612,33608119091,0.26,154000000,1710000000,0,297000000,29
2026-09-25T23:59:58+00:00,valkey,02e9553fc52f,yii3-benchmarks-oxphp-valkey-1,1.81,3825205,33608119091,0.01,199000000,35100000,0,0,8
2026-09-26T00:00:01+00:00,oxphp,0fb77ee85683,yii3-benchmarks-oxphp-oxphp-1,433.84,157286400,33608119091,0.47,3450000000,9460000000,131000,0,31
2026-09-26T00:00:01+00:00,postgres,7c182f6ca1ab,yii3-benchmarks-oxphp-postgres-1,487.16,85784003,33608119091,0.26,166000000,1840000000,0,297000000,29
2026-09-26T00:00:01+00:00,valkey,02e9553fc52f,yii3-benchmarks-oxphp-valkey-1,5.8,3825205,33608119091,0.01,199000000,35100000,0,0,8
2026-09-26T00:00:05+00:00,oxphp,0fb77ee85683,yii3-benchmarks-oxphp-oxphp-1,479.08,157286400,33608119091,0.47,3580000000,9690000000,131000,0,31
2026-09-26T00:00:05+00:00,postgres,7c182f6ca1ab,yii3-benchmarks-oxphp-postgres-1,507.94,87293952,33608119091,0.26,178000000,1970000000,0,297000000,29
2026-09-26T00:00:05+00:00,valkey,02e9553fc52f,yii3-benchmarks-oxphp-valkey-1,2.24,3825205,33608119091,0.01,199000000,35200000,0,0,8
2026-09-26T00:00:08+00:00,oxphp,0fb77ee85683,yii3-benchmarks-oxphp-oxphp-1,628.72,157705830,33608119091,0.47,3710000000,9910000000,131000,0,31
2026-09-26T00:00:08+00:00,postgres,7c182f6ca1ab,yii3-benchmarks-oxphp-postgres-1,803.17,91215626,33608119091,0.27,196000000,2170000000,0,297000000,29
2026-09-26T00:00:08+00:00,valkey,02e9553fc52f,yii3-benchmarks-oxphp-valkey-1,2.92,3825205,33608119091,0.01,199000000,35200000,0,0,8
2026-09-26T00:00:11+00:00,oxphp,0fb77ee85683,yii3-benchmarks-oxphp-oxphp-1,593.78,154769818,33608119091,0.46,4060000000,10500000000,131000,0,31
2026-09-26T00:00:11+00:00,postgres,7c182f6ca1ab,yii3-benchmarks-oxphp-postgres-1,743.12,90596966,33608119091,0.27,220000000,2430000000,0,297000000,29
2026-09-26T00:00:11+00:00,valkey,02e9553fc52f,yii3-benchmarks-oxphp-valkey-1,2.98,3825205,33608119091,0.01,200000000,35300000,0,0,8
2026-09-26T00:00:14+00:00,oxphp,0fb77ee85683,yii3-benchmarks-oxphp-oxphp-1,550.54,155713536,33608119091,0.46,4320000000,11000000000,131000,0,31
2026-09-26T00:00:14+00:00,postgres,7c182f6ca1ab,yii3-benchmarks-oxphp-postgres-1,698.54,96301220,33608119091,0.29,243000000,2690000000,0,297000000,35
2026-09-26T00:00:14+00:00,valkey,02e9553fc52f,yii3-benchmarks-oxphp-valkey-1,2.24,3825205,33608119091,0.01,200000000,35400000,0,0,8
2026-09-26T00:00:17+00:00,oxphp,0fb77ee85683,yii3-benchmarks-oxphp-oxphp-1,558.67,155713536,33608119091,0.46,4590000000,11400000000,131000,0,31
2026-09-26T00:00:17+00:00,postgres,7c182f6ca1ab,yii3-benchmarks-oxphp-postgres-1,705.6,92977234,33608119091,0.28,258000000,2860000000,0,297000000,29
2026-09-26T00:00:17+00:00,valkey,02e9553fc52f,yii3-benchmarks-oxphp-valkey-1,2.34,3825205,33608119091,0.01,201000000,35500000,0,0,8
2026-09-26T00:00:20+00:00,oxphp,0fb77ee85683,yii3-benchmarks-oxphp-oxphp-1,619.74,155084390,33608119091,0.46,4850000000,11900000000,131000,0,31
2026-09-26T00:00:20+00:00,postgres,7c182f6ca1ab,yii3-benchmarks-oxphp-postgres-1,739.54,93323264,33608119091,0.28,282000000,3120000000,0,297000000,29
2026-09-26T00:00:20+00:00,valkey,02e9553fc52f,yii3-benchmarks-oxphp-valkey-1,4.79,3825205,33608119091,0.01,202000000,35600000,0,0,8
2026-09-26T00:00:23+00:00,oxphp,0fb77ee85683,yii3-benchmarks-oxphp-oxphp-1,553.83,155084390,33608119091,0.46,5110000000,12400000000,131000,0,31
2026-09-26T00:00:23+00:00,postgres,7c182f6ca1ab,yii3-benchmarks-oxphp-postgres-1,702.78,90691338,33608119091,0.27,313000000,3460000000,0,297000000,29
2026-09-26T00:00:23+00:00,valkey,02e9553fc52f,yii3-benchmarks-oxphp-valkey-1,4.46,3825205,33608119091,0.01,202000000,35700000,0,0,8
2026-09-26T00:00:26+00:00,oxphp,0fb77ee85683,yii3-benchmarks-oxphp-oxphp-1,541.46,155294106,33608119091,0.46,5380000000,12800000000,131000,0,31
2026-09-26T00:00:26+00:00,postgres,7c182f6ca1ab,yii3-benchmarks-oxphp-postgres-1,685.31,86350234,33608119091,0.26,336000000,3720000000,0,297000000,29
2026-09-26T00:00:26+00:00,valkey,02e9553fc52f,yii3-benchmarks-oxphp-valkey-1,2.14,3825205,33608119091,0.01,202000000,35800000,0,0,8
2026-09-26T00:00:29+00:00,oxphp,0fb77ee85683,yii3-benchmarks-oxphp-oxphp-1,574.28,155608678,33608119091,0.46,5550000000,13100000000,131000,0,31
2026-09-26T00:00:29+00:00,postgres,7c182f6ca1ab,yii3-benchmarks-oxphp-postgres-1,712.83,92757033,33608119091,0.28,359000000,3980000000,0,297000000,29
2026-09-26T00:00:29+00:00,valkey,02e9553fc52f,yii3-benchmarks-oxphp-valkey-1,2.24,3825205,33608119091,0.01,203000000,35900000,0,0,8
2026-09-26T00:00:32+00:00,oxphp,0fb77ee85683,yii3-benchmarks-oxphp-oxphp-1,555.82,155084390,33608119091,0.46,5910000000,13800000000,131000,0,31
2026-09-26T00:00:32+00:00,postgres,7c182f6ca1ab,yii3-benchmarks-oxphp-postgres-1,708.26,91960115,33608119091,0.27,383000000,4240000000,0,297000000,29
2026-09-26T00:00:32+00:00,valkey,02e9553fc52f,yii3-benchmarks-oxphp-valkey-1,2.31,3825205,33608119091,0.01,204000000,36000000,0,0,8
2026-09-26T00:00:35+00:00,oxphp,0fb77ee85683,yii3-benchmarks-oxphp-oxphp-1,567.19,155818394,33608119091,0.46,6170000000,14200000000,131000,0,31
2026-09-26T00:00:35+00:00,postgres,7c182f6ca1ab,yii3-benchmarks-oxphp-postgres-1,728.54,90208993,33608119091,0.27,406000000,4500000000,0,297000000,29
2026-09-26T00:00:35+00:00,valkey,02e9553fc52f,yii3-benchmarks-oxphp-valkey-1,4.23,3825205,33608119091,0.01,204000000,36000000,0,0,8
2026-09-26T00:00:38+00:00,oxphp,0fb77ee85683,yii3-benchmarks-oxphp-oxphp-1,633.7,156132966,33608119091,0.46,6450000000,14700000000,131000,0,31
2026-09-26T00:00:38+00:00,postgres,7c182f6ca1ab,yii3-benchmarks-oxphp-postgres-1,828.21,94476698,33608119091,0.28,431000000,4780000000,0,297000000,29
2026-09-26T00:00:38+00:00,valkey,02e9553fc52f,yii3-benchmarks-oxphp-valkey-1,1.99,3825205,33608119091,0.01,205000000,36100000,0,0,8
2026-09-26T00:00:41+00:00,oxphp,0fb77ee85683,yii3-benchmarks-oxphp-oxphp-1,640.58,157810688,33608119091,0.47,6650000000,15100000000,131000,0,31
2026-09-26T00:00:41+00:00,postgres,7c182f6ca1ab,yii3-benchmarks-oxphp-postgres-1,805.11,92190802,33608119091,0.27,448000000,4970000000,0,297000000,29
2026-09-26T00:00:41+00:00,valkey,02e9553fc52f,yii3-benchmarks-oxphp-valkey-1,2.31,3825205,33608119091,0.01,205000000,36300000,0,0,8
2026-09-26T00:00:44+00:00,oxphp,0fb77ee85683,yii3-benchmarks-oxphp-oxphp-1,614.26,157705830,33608119091,0.47,7030000000,15700000000,131000,0,31
2026-09-26T00:00:44+00:00,postgres,7c182f6ca1ab,yii3-benchmarks-oxphp-postgres-1,785.11,90303365,33608119091,0.27,481000000,5340000000,0,297000000,29
2026-09-26T00:00:44+00:00,valkey,02e9553fc52f,yii3-benchmarks-oxphp-valkey-1,2.03,3825205,33608119091,0.01,206000000,36300000,0,0,8
2026-09-26T00:00:47+00:00,oxphp,0fb77ee85683,yii3-benchmarks-oxphp-oxphp-1,618.76,156971827,33608119091,0.47,7310000000,16200000000,131000,0,31
2026-09-26T00:00:47+00:00,postgres,7c182f6ca1ab,yii3-benchmarks-oxphp-postgres-1,774.51,90009764,33608119091,0.27,498000000,5520000000,0,297000000,29
2026-09-26T00:00:47+00:00,valkey,02e9553fc52f,yii3-benchmarks-oxphp-valkey-1,2.48,3825205,33608119091,0.01,206000000,36500000,0,0,8
2026-09-26T00:00:50+00:00,oxphp,0fb77ee85683,yii3-benchmarks-oxphp-oxphp-1,617,156762112,33608119091,0.47,7590000000,16700000000,131000,0,31
2026-09-26T00:00:50+00:00,postgres,7c182f6ca1ab,yii3-benchmarks-oxphp-postgres-1,787.53,92536832,33608119091,0.28,531000000,5890000000,0,297000000,29
2026-09-26T00:00:50+00:00,valkey,02e9553fc52f,yii3-benchmarks-oxphp-valkey-1,2.75,3825205,33608119091,0.01,207000000,36500000,0,0,8
2026-09-26T00:00:53+00:00,oxphp,0fb77ee85683,yii3-benchmarks-oxphp-oxphp-1,630.32,157286400,33608119091,0.47,7870000000,17200000000,131000,0,31
2026-09-26T00:00:53+00:00,postgres,7c182f6ca1ab,yii3-benchmarks-oxphp-postgres-1,797.97,94183096,33608119091,0.28,548000000,6070000000,0,297000000,29
2026-09-26T00:00:53+00:00,valkey,02e9553fc52f,yii3-benchmarks-oxphp-valkey-1,2.22,3825205,33608119091,0.01,208000000,36700000,0,0,8
2026-09-26T00:00:56+00:00,oxphp,0fb77ee85683,yii3-benchmarks-oxphp-oxphp-1,597.76,157286400,33608119091,0.47,8150000000,17700000000,131000,0,31
2026-09-26T00:00:56+00:00,postgres,7c182f6ca1ab,yii3-benchmarks-oxphp-postgres-1,765.02,88929731,33608119091,0.26,573000000,6350000000,0,297000000,29
2026-09-26T00:00:56+00:00,valkey,02e9553fc52f,yii3-benchmarks-oxphp-valkey-1,4.11,3825205,33608119091,0.01,208000000,36800000,0,0,8
2026-09-26T00:00:59+00:00,oxphp,0fb77ee85683,yii3-benchmarks-oxphp-oxphp-1,593.16,156447539,33608119091,0.47,8430000000,18200000000,131000,0,31
2026-09-26T00:00:59+00:00,postgres,7c182f6ca1ab,yii3-benchmarks-oxphp-postgres-1,759.6,91729428,33608119091,0.27,606000000,6710000000,0,297000000,29
2026-09-26T00:00:59+00:00,valkey,02e9553fc52f,yii3-benchmarks-oxphp-valkey-1,4.05,3825205,33608119091,0.01,208000000,36800000,0,0,8
2026-09-26T00:01:02+00:00,oxphp,0fb77ee85683,yii3-benchmarks-oxphp-oxphp-1,610.29,157600973,33608119091,0.47,8700000000,18700000000,131000,0,31
2026-09-26T00:01:02+00:00,postgres,7c182f6ca1ab,yii3-benchmarks-oxphp-postgres-1,770.68,90366280,33608119091,0.27,630000000,6980000000,0,297000000,29
2026-09-26T00:01:02+00:00,valkey,02e9553fc52f,yii3-benchmarks-oxphp-valkey-1,2.43,3825205,33608119091,0.01,209000000,36900000,0,0,8
2026-09-26T00:01:05+00:00,oxphp,0fb77ee85683,yii3-benchmarks-oxphp-oxphp-1,592.38,157286400,33608119091,0.47,8980000000,19200000000,131000,0,31
2026-09-26T00:01:05+00:00,postgres,7c182f6ca1ab,yii3-benchmarks-oxphp-postgres-1,757.45,89485476,33608119091,0.27,654000000,7240000000,0,297000000,29
2026-09-26T00:01:05+00:00,valkey,02e9553fc52f,yii3-benchmarks-oxphp-valkey-1,4.19,3825205,33608119091,0.01,210000000,37000000,0,0,8
2026-09-26T00:01:08+00:00,oxphp,0fb77ee85683,yii3-benchmarks-oxphp-oxphp-1,620.26,158230118,33608119091,0.47,9260000000,19600000000,131000,0,31
2026-09-26T00:01:08+00:00,postgres,7c182f6ca1ab,yii3-benchmarks-oxphp-postgres-1,795.27,89474990,33608119091,0.27,678000000,7520000000,0,297000000,29
2026-09-26T00:01:08+00:00,valkey,02e9553fc52f,yii3-benchmarks-oxphp-valkey-1,2.19,3825205,33608119091,0.01,210000000,37100000,0,0,8
2026-09-26T00:01:11+00:00,oxphp,0fb77ee85683,yii3-benchmarks-oxphp-oxphp-1,606.39,157705830,33608119091,0.47,9540000000,20100000000,131000,0,31
2026-09-26T00:01:11+00:00,postgres,7c182f6ca1ab,yii3-benchmarks-oxphp-postgres-1,783.61,89160417,33608119091,0.27,695000000,7700000000,0,297000000,29
2026-09-26T00:01:11+00:00,valkey,02e9553fc52f,yii3-benchmarks-oxphp-valkey-1,2.2,3825205,33608119091,0.01,211000000,37300000,0,0,8
2026-09-26T00:01:14+00:00,oxphp,0fb77ee85683,yii3-benchmarks-oxphp-oxphp-1,596.64,157391258,33608119091,0.47,9850000000,20700000000,131000,0,31
2026-09-26T00:01:14+00:00,postgres,7c182f6ca1ab,yii3-benchmarks-oxphp-postgres-1,776.97,91362427,33608119091,0.27,730000000,8090000000,0,297000000,29
2026-09-26T00:01:14+00:00,valkey,02e9553fc52f,yii3-benchmarks-oxphp-valkey-1,1.95,3825205,33608119091,0.01,211000000,37400000,0,0,8
2026-09-26T00:01:17+00:00,oxphp,0fb77ee85683,yii3-benchmarks-oxphp-oxphp-1,583.02,157705830,33608119091,0.47,10100000000,21200000000,131000,0,31
2026-09-26T00:01:17+00:00,postgres,7c182f6ca1ab,yii3-benchmarks-oxphp-postgres-1,768.24,89391104,33608119091,0.27,757000000,8390000000,0,297000000,29
2026-09-26T00:01:17+00:00,valkey,02e9553fc52f,yii3-benchmarks-oxphp-valkey-1,3.92,3825205,33608119091,0.01,212000000,37500000,0,0,8
2026-09-26T00:01:20+00:00,oxphp,0fb77ee85683,yii3-benchmarks-oxphp-oxphp-1,614.76,157705830,33608119091,0.47,10400000000,21700000000,131000,0,31
2026-09-26T00:01:20+00:00,postgres,7c182f6ca1ab,yii3-benchmarks-oxphp-postgres-1,770.27,92536832,33608119091,0.28,782000000,8670000000,0,297000000,29
2026-09-26T00:01:20+00:00,valkey,02e9553fc52f,yii3-benchmarks-oxphp-valkey-1,2.15,3825205,33608119091,0.01,212000000,37500000,0,0,8
2026-09-26T00:01:23+00:00,oxphp,0fb77ee85683,yii3-benchmarks-oxphp-oxphp-1,589.39,157705830,33608119091,0.47,10600000000,22100000000,131000,0,31
2026-09-26T00:01:23+00:00,postgres,7c182f6ca1ab,yii3-benchmarks-oxphp-postgres-1,761.79,90439680,33608119091,0.27,810000000,8970000000,0,297000000,29
2026-09-26T00:01:23+00:00,valkey,02e9553fc52f,yii3-benchmarks-oxphp-valkey-1,1.96,3825205,33608119091,0.01,213000000,37700000,0,0,8
2026-09-26T00:01:26+00:00,oxphp,0fb77ee85683,yii3-benchmarks-oxphp-oxphp-1,607.65,158020403,33608119091,0.47,11000000000,22800000000,131000,0,31
2026-09-26T00:01:26+00:00,postgres,7c182f6ca1ab,yii3-benchmarks-oxphp-postgres-1,781.71,92054487,33608119091,0.27,836000000,9270000000,0,297000000,29
2026-09-26T00:01:26+00:00,valkey,02e9553fc52f,yii3-benchmarks-oxphp-valkey-1,1.98,3825205,33608119091,0.01,214000000,37700000,0,0,8
2026-09-26T00:01:29+00:00,oxphp,0fb77ee85683,yii3-benchmarks-oxphp-oxphp-1,601.99,157810688,33608119091,0.47,11300000000,23100000000,131000,0,31
2026-09-26T00:01:29+00:00,postgres,7c182f6ca1ab,yii3-benchmarks-oxphp-postgres-1,792.35,91656028,33608119091,0.27,863000000,9570000000,0,297000000,29
2026-09-26T00:01:29+00:00,valkey,02e9553fc52f,yii3-benchmarks-oxphp-valkey-1,1.96,3825205,33608119091,0.01,214000000,37800000,0,0,8
2026-09-26T00:01:32+00:00,oxphp,0fb77ee85683,yii3-benchmarks-oxphp-oxphp-1,584.97,158754406,33608119091,0.47,11700000000,23800000000,131000,0,31
2026-09-26T00:01:32+00:00,postgres,7c182f6ca1ab,yii3-benchmarks-oxphp-postgres-1,759.35,90177536,33608119091,0.27,881000000,9760000000,0,297000000,29
2026-09-26T00:01:32+00:00,valkey,02e9553fc52f,yii3-benchmarks-oxphp-valkey-1,1.78,3825205,33608119091,0.01,215000000,37900000,0,0,8
2026-09-26T00:01:35+00:00,oxphp,0fb77ee85683,yii3-benchmarks-oxphp-oxphp-1,592.2,157705830,33608119091,0.47,11900000000,24200000000,131000,0,31
2026-09-26T00:01:35+00:00,postgres,7c182f6ca1ab,yii3-benchmarks-oxphp-postgres-1,771.37,89642762,33608119091,0.27,917000000,10200000000,0,297000000,29
2026-09-26T00:01:35+00:00,valkey,02e9553fc52f,yii3-benchmarks-oxphp-valkey-1,2.12,3825205,33608119091,0.01,215000000,38000000,0,0,8
2026-09-26T00:01:38+00:00,oxphp,0fb77ee85683,yii3-benchmarks-oxphp-oxphp-1,590.83,158230118,33608119091,0.47,12300000000,24900000000,131000,0,31
2026-09-26T00:01:38+00:00,postgres,7c182f6ca1ab,yii3-benchmarks-oxphp-postgres-1,767.26,87965041,33608119091,0.26,942000000,10400000000,0,297000000,29
2026-09-26T00:01:38+00:00,valkey,02e9553fc52f,yii3-benchmarks-oxphp-valkey-1,2.16,3825205,33608119091,0.01,216000000,38100000,0,0,8
2026-09-26T00:01:41+00:00,oxphp,0fb77ee85683,yii3-benchmarks-oxphp-oxphp-1,585.41,159068979,33608119091,0.47,12400000000,25200000000,131000,0,31
2026-09-26T00:01:41+00:00,postgres,7c182f6ca1ab,yii3-benchmarks-oxphp-postgres-1,795.71,91247084,33608119091,0.27,969000000,10700000000,0,297000000,29
2026-09-26T00:01:41+00:00,valkey,02e9553fc52f,yii3-benchmarks-oxphp-valkey-1,2.27,3825205,33608119091,0.01,217000000,38300000,0,0,8
2026-09-26T00:01:45+00:00,oxphp,0fb77ee85683,yii3-benchmarks-oxphp-oxphp-1,619.23,158439834,33608119091,0.47,12900000000,26000000000,131000,0,31
2026-09-26T00:01:45+00:00,postgres,7c182f6ca1ab,yii3-benchmarks-oxphp-postgres-1,794.25,94088724,33608119091,0.28,987000000,10900000000,0,297000000,29
2026-09-26T00:01:45+00:00,valkey,02e9553fc52f,yii3-benchmarks-oxphp-valkey-1,3.81,3825205,33608119091,0.01,217000000,38400000,0,0,8
2026-09-26T00:01:48+00:00,oxphp,0fb77ee85683,yii3-benchmarks-oxphp-oxphp-1,587.3,158754406,33608119091,0.47,13200000000,26500000000,131000,0,31
2026-09-26T00:01:48+00:00,postgres,7c182f6ca1ab,yii3-benchmarks-oxphp-postgres-1,789.85,92159345,33608119091,0.27,1010000000,11300000000,0,297000000,29
2026-09-26T00:01:48+00:00,valkey,02e9553fc52f,yii3-benchmarks-oxphp-valkey-1,2.17,3825205,33608119091,0.01,218000000,38500000,0,0,8
2026-09-26T00:01:51+00:00,oxphp,0fb77ee85683,yii3-benchmarks-oxphp-oxphp-1,630.7,158754406,33608119091,0.47,13500000000,27100000000,131000,0,31
2026-09-26T00:01:51+00:00,postgres,7c182f6ca1ab,yii3-benchmarks-oxphp-postgres-1,790.86,90775224,33608119091,0.27,1050000000,11700000000,0,297000000,29
2026-09-26T00:01:51+00:00,valkey,02e9553fc52f,yii3-benchmarks-oxphp-valkey-1,1.88,3825205,33608119091,0.01,218000000,38600000,0,0,8
2026-09-26T00:01:54+00:00,oxphp,0fb77ee85683,yii3-benchmarks-oxphp-oxphp-1,621.62,159278694,33608119091,0.47,13800000000,27600000000,131000,0,31
2026-09-26T00:01:54+00:00,postgres,7c182f6ca1ab,yii3-benchmarks-oxphp-postgres-1,795.23,92306145,33608119091,0.27,1070000000,11900000000,0,297000000,29
2026-09-26T00:01:54+00:00,valkey,02e9553fc52f,yii3-benchmarks-oxphp-valkey-1,2.04,3825205,33608119091,0.01,219000000,38700000,0,0,8
2026-09-26T00:01:57+00:00,oxphp,0fb77ee85683,yii3-benchmarks-oxphp-oxphp-1,595.44,158544691,33608119091,0.47,14100000000,28100000000,131000,0,31
2026-09-26T00:01:57+00:00,postgres,7c182f6ca1ab,yii3-benchmarks-oxphp-postgres-1,771.32,89894420,33608119091,0.27,1100000000,12200000000,0,297000000,29
2026-09-26T00:01:57+00:00,valkey,02e9553fc52f,yii3-benchmarks-oxphp-valkey-1,2.19,3825205,33608119091,0.01,219000000,38800000,0,0,8
2026-09-26T00:02:00+00:00,oxphp,0fb77ee85683,yii3-benchmarks-oxphp-oxphp-1,602.42,159068979,33608119091,0.47,14400000000,28600000000,131000,0,31
2026-09-26T00:02:00+00:00,postgres,7c182f6ca1ab,yii3-benchmarks-oxphp-postgres-1,768.82,92023030,33608119091,0.27,1130000000,12500000000,0,297000000,29
2026-09-26T00:02:00+00:00,valkey,02e9553fc52f,yii3-benchmarks-oxphp-valkey-1,3.59,3825205,33608119091,0.01,220000000,38900000,0,0,8
2026-09-26T00:02:03+00:00,oxphp,0fb77ee85683,yii3-benchmarks-oxphp-oxphp-1,620.76,158754406,33608119091,0.47,14700000000,29100000000,131000,0,31
2026-09-26T00:02:03+00:00,postgres,7c182f6ca1ab,yii3-benchmarks-oxphp-postgres-1,795.48,89223332,33608119091,0.27,1160000000,12800000000,0,297000000,29
2026-09-26T00:02:03+00:00,valkey,02e9553fc52f,yii3-benchmarks-oxphp-valkey-1,2.02,3825205,33608119091,0.01,221000000,39000000,0,0,8
2026-09-26T00:02:06+00:00,oxphp,0fb77ee85683,yii3-benchmarks-oxphp-oxphp-1,625.42,159068979,33608119091,0.47,14900000000,29500000000,131000,0,31
2026-09-26T00:02:06+00:00,postgres,7c182f6ca1ab,yii3-benchmarks-oxphp-postgres-1,804.9,88216699,33608119091,0.26,1180000000,13100000000,0,297000000,29
2026-09-26T00:02:06+00:00,valkey,02e9553fc52f,yii3-benchmarks-oxphp-valkey-1,2.36,3825205,33608119091,0.01,221000000,39100000,0,0,8
2026-09-26T00:02:09+00:00,oxphp,0fb77ee85683,yii3-benchmarks-oxphp-oxphp-1,613.81,159278694,33608119091,0.47,15200000000,30100000000,131000,0,31
2026-09-26T00:02:09+00:00,postgres,7c182f6ca1ab,yii3-benchmarks-oxphp-postgres-1,790.19,93585408,33608119091,0.28,1200000000,13400000000,0,297000000,29
2026-09-26T00:02:09+00:00,valkey,02e9553fc52f,yii3-benchmarks-oxphp-valkey-1,2.55,3825205,33608119091,0.01,221000000,39100000,0,0,8
2026-09-26T00:02:12+00:00,oxphp,0fb77ee85683,yii3-benchmarks-oxphp-oxphp-1,620.23,160432128,33608119091,0.48,15500000000,30600000000,131000,0,31
2026-09-26T00:02:12+00:00,postgres,7c182f6ca1ab,yii3-benchmarks-oxphp-postgres-1,793.51,88520786,33608119091,0.26,1220000000,13500000000,0,297000000,29
2026-09-26T00:02:12+00:00,valkey,02e9553fc52f,yii3-benchmarks-oxphp-valkey-1,1.89,3825205,33608119091,0.01,222000000,39300000,0,0,8
2026-09-26T00:02:15+00:00,oxphp,0fb77ee85683,yii3-benchmarks-oxphp-oxphp-1,620.21,159907840,33608119091,0.48,15700000000,31000000000,131000,0,31
2026-09-26T00:02:15+00:00,postgres,7c182f6ca1ab,yii3-benchmarks-oxphp-postgres-1,805.42,91886715,33608119091,0.27,1260000000,13900000000,0,297000000,29
2026-09-26T00:02:15+00:00,valkey,02e9553fc52f,yii3-benchmarks-oxphp-valkey-1,4.04,3825205,33608119091,0.01,223000000,39400000,0,0,8
2026-09-26T00:02:18+00:00,oxphp,0fb77ee85683,yii3-benchmarks-oxphp-oxphp-1,608.84,160432128,33608119091,0.48,16200000000,31700000000,131000,0,31
2026-09-26T00:02:18+00:00,postgres,7c182f6ca1ab,yii3-benchmarks-oxphp-postgres-1,803.47,90596966,33608119091,0.27,1290000000,14300000000,0,297000000,29
2026-09-26T00:02:18+00:00,valkey,02e9553fc52f,yii3-benchmarks-oxphp-valkey-1,4.61,3829400,33608119091,0.01,224000000,39500000,0,0,8
2026-09-26T00:02:21+00:00,oxphp,0fb77ee85683,yii3-benchmarks-oxphp-oxphp-1,620.11,160641843,33608119091,0.48,16500000000,32300000000,131000,0,31
2026-09-26T00:02:21+00:00,postgres,7c182f6ca1ab,yii3-benchmarks-oxphp-postgres-1,793.03,93658808,33608119091,0.28,1310000000,14600000000,0,297000000,29
2026-09-26T00:02:21+00:00,valkey,02e9553fc52f,yii3-benchmarks-oxphp-valkey-1,1.89,3829400,33608119091,0.01,224000000,39600000,0,0,8
2026-09-26T00:02:24+00:00,oxphp,0fb77ee85683,yii3-benchmarks-oxphp-oxphp-1,616.48,160117555,33608119091,0.48,16700000000,32800000000,131000,0,31
2026-09-26T00:02:24+00:00,postgres,7c182f6ca1ab,yii3-benchmarks-oxphp-postgres-1,783.6,93899981,33608119091,0.28,1330000000,14700000000,0,297000000,29
2026-09-26T00:02:24+00:00,valkey,02e9553fc52f,yii3-benchmarks-oxphp-valkey-1,2.08,3829400,33608119091,0.01,225000000,39700000,0,0,8
2026-09-26T00:02:27+00:00,oxphp,0fb77ee85683,yii3-benchmarks-oxphp-oxphp-1,622.89,160641843,33608119091,0.48,17000000000,33300000000,131000,0,31
2026-09-26T00:02:27+00:00,postgres,7c182f6ca1ab,yii3-benchmarks-oxphp-postgres-1,803.84,94602527,33608119091,0.28,1370000000,15100000000,0,297000000,29
2026-09-26T00:02:27+00:00,valkey,02e9553fc52f,yii3-benchmarks-oxphp-valkey-1,2.36,3829400,33608119091,0.01,225000000,39800000,0,0,8
2026-09-26T00:02:30+00:00,oxphp,0fb77ee85683,yii3-benchmarks-oxphp-oxphp-1,626.31,159907840,33608119091,0.48,17400000000,33800000000,131000,0,31
2026-09-26T00:02:30+00:00,postgres,7c182f6ca1ab,yii3-benchmarks-oxphp-postgres-1,803.49,88940216,33608119091,0.26,1380000000,15300000000,0,297000000,29
2026-09-26T00:02:30+00:00,valkey,02e9553fc52f,yii3-benchmarks-oxphp-valkey-1,3.76,3829400,33608119091,0.01,226000000,39900000,0,0,8
2026-09-26T00:02:33+00:00,oxphp,0fb77ee85683,yii3-benchmarks-oxphp-oxphp-1,629,160117555,33608119091,0.48,17700000000,34400000000,131000,0,31
2026-09-26T00:02:33+00:00,postgres,7c182f6ca1ab,yii3-benchmarks-oxphp-postgres-1,812.55,91498742,33608119091,0.27,1420000000,15700000000,0,297000000,29
2026-09-26T00:02:33+00:00,valkey,02e9553fc52f,yii3-benchmarks-oxphp-valkey-1,2.6,3829400,33608119091,0.01,226000000,40000000,0,0,8
2026-09-26T00:02:36+00:00,oxphp,0fb77ee85683,yii3-benchmarks-oxphp-oxphp-1,624.67,160641843,33608119091,0.48,17900000000,34700000000,131000,0,31
2026-09-26T00:02:36+00:00,postgres,7c182f6ca1ab,yii3-benchmarks-oxphp-postgres-1,796.17,92746547,33608119091,0.28,1450000000,16000000000,0,297000000,29
2026-09-26T00:02:36+00:00,valkey,02e9553fc52f,yii3-benchmarks-oxphp-valkey-1,1.94,3829400,33608119091,0.01,227000000,40100000,0,0,8
2026-09-26T00:02:39+00:00,oxphp,0fb77ee85683,yii3-benchmarks-oxphp-oxphp-1,622.22,159802982,33608119091,0.48,18200000000,35400000000,131000,0,31
2026-09-26T00:02:39+00:00,postgres,7c182f6ca1ab,yii3-benchmarks-oxphp-postgres-1,809.36,90638909,33608119091,0.27,1470000000,16300000000,0,297000000,29
2026-09-26T00:02:39+00:00,valkey,02e9553fc52f,yii3-benchmarks-oxphp-valkey-1,2.08,3829400,33608119091,0.01,227000000,40200000,0,0,8
2026-09-26T00:02:42+00:00,oxphp,0fb77ee85683,yii3-benchmarks-oxphp-oxphp-1,627.47,159593267,33608119091,0.47,18400000000,35800000000,131000,0,31
2026-09-26T00:02:42+00:00,postgres,7c182f6ca1ab,yii3-benchmarks-oxphp-postgres-1,803.04,91142226,33608119091,0.27,1500000000,16600000000,0,297000000,29
2026-09-26T00:02:42+00:00,valkey,02e9553fc52f,yii3-benchmarks-oxphp-valkey-1,2.41,3829400,33608119091,0.01,228000000,40300000,0,0,8
2026-09-26T00:02:45+00:00,oxphp,0fb77ee85683,yii3-benchmarks-oxphp-oxphp-1,625.88,159907840,33608119091,0.48,18900000000,36500000000,131000,0,31
2026-09-26T00:02:45+00:00,postgres,7c182f6ca1ab,yii3-benchmarks-oxphp-postgres-1,813.68,93606380,33608119091,0.28,1520000000,16900000000,0,297000000,29
2026-09-26T00:02:45+00:00,valkey,02e9553fc52f,yii3-benchmarks-oxphp-valkey-1,2.56,3829400,33608119091,0.01,229000000,40400000,0,0,8
2026-09-26T00:02:48+00:00,oxphp,0fb77ee85683,yii3-benchmarks-oxphp-oxphp-1,624.03,159173837,33608119091,0.47,19200000000,37000000000,131000,0,31
2026-09-26T00:02:48+00:00,postgres,7c182f6ca1ab,yii3-benchmarks-oxphp-postgres-1,803.58,91477770,33608119091,0.27,1550000000,17200000000,0,297000000,29
2026-09-26T00:02:48+00:00,valkey,02e9553fc52f,yii3-benchmarks-oxphp-valkey-1,4.55,3829400,33608119091,0.01,229000000,40500000,0,0,8
2026-09-26T00:02:51+00:00,oxphp,0fb77ee85683,yii3-benchmarks-oxphp-oxphp-1,616.81,159383552,33608119091,0.47,19500000000,37600000000,131000,0,31
2026-09-26T00:02:51+00:00,postgres,7c182f6ca1ab,yii3-benchmarks-oxphp-postgres-1,818.52,89087017,33608119091,0.27,1570000000,17400000000,0,297000000,29
2026-09-26T00:02:51+00:00,valkey,02e9553fc52f,yii3-benchmarks-oxphp-valkey-1,2.11,3829400,33608119091,0.01,230000000,40700000,0,0,8
2026-09-26T00:02:54+00:00,oxphp,0fb77ee85683,yii3-benchmarks-oxphp-oxphp-1,617.74,159383552,33608119091,0.47,19800000000,38100000000,131000,0,31
2026-09-26T00:02:54+00:00,postgres,7c182f6ca1ab,yii3-benchmarks-oxphp-postgres-1,803.59,91414856,33608119091,0.27,1610000000,17800000000,0,297000000,29
2026-09-26T00:02:54+00:00,valkey,02e9553fc52f,yii3-benchmarks-oxphp-valkey-1,3.85,3829400,33608119091,0.01,231000000,40700000,0,0,8
2026-09-26T00:02:57+00:00,oxphp,0fb77ee85683,yii3-benchmarks-oxphp-oxphp-1,630.77,159593267,33608119091,0.47,20100000000,38600000000,131000,0,31
2026-09-26T00:02:57+00:00,postgres,7c182f6ca1ab,yii3-benchmarks-oxphp-postgres-1,808.2,90009764,33608119091,0.27,1630000000,18100000000,0,297000000,29
2026-09-26T00:02:57+00:00,valkey,02e9553fc52f,yii3-benchmarks-oxphp-valkey-1,2.28,3829400,33608119091,0.01,231000000,40800000,0,0,8
2026-09-26T00:03:00+00:00,oxphp,0fb77ee85683,yii3-benchmarks-oxphp-oxphp-1,627.32,159698125,33608119091,0.48,20300000000,39000000000,131000,0,31
2026-09-26T00:03:00+00:00,postgres,7c182f6ca1ab,yii3-benchmarks-oxphp-postgres-1,806.2,90638909,33608119091,0.27,1660000000,18400000000,0,297000000,29
2026-09-26T00:03:00+00:00,valkey,02e9553fc52f,yii3-benchmarks-oxphp-valkey-1,2.53,3829400,33608119091,0.01,232000000,40900000,0,0,8
2026-09-26T00:03:03+00:00,oxphp,0fb77ee85683,yii3-benchmarks-oxphp-oxphp-1,626.55,159907840,33608119091,0.48,20700000000,39600000000,131000,0,31
2026-09-26T00:03:03+00:00,postgres,7c182f6ca1ab,yii3-benchmarks-oxphp-postgres-1,807.68,94633984,33608119091,0.28,1680000000,18600000000,0,297000000,29
2026-09-26T00:03:03+00:00,valkey,02e9553fc52f,yii3-benchmarks-oxphp-valkey-1,4.35,3829400,33608119091,0.01,232000000,41000000,0,0,8
2026-09-26T00:03:06+00:00,oxphp,0fb77ee85683,yii3-benchmarks-oxphp-oxphp-1,642.17,159698125,33608119091,0.48,20800000000,39900000000,131000,0,31
2026-09-26T00:03:06+00:00,postgres,7c182f6ca1ab,yii3-benchmarks-oxphp-postgres-1,744.37,85385544,33608119091,0.25,1710000000,18900000000,0,297000000,29
2026-09-26T00:03:06+00:00,valkey,02e9553fc52f,yii3-benchmarks-oxphp-valkey-1,2.11,3825205,33608119091,0.01,232000000,41100000,0,0,8
2026-09-26T00:03:09+00:00,oxphp,0fb77ee85683,yii3-benchmarks-oxphp-oxphp-1,632.02,160851558,33608119091,0.48,21200000000,40600000000,131000,0,31
2026-09-26T00:03:09+00:00,postgres,7c182f6ca1ab,yii3-benchmarks-oxphp-postgres-1,806.24,92589261,33608119091,0.28,1730000000,19200000000,0,297000000,29
2026-09-26T00:03:09+00:00,valkey,02e9553fc52f,yii3-benchmarks-oxphp-valkey-1,2.57,3829400,33608119091,0.01,233000000,41100000,0,0,8
2026-09-26T00:03:12+00:00,oxphp,0fb77ee85683,yii3-benchmarks-oxphp-oxphp-1,626.4,160746701,33608119091,0.48,21500000000,41100000000,131000,0,31
2026-09-26T00:03:12+00:00,postgres,7c182f6ca1ab,yii3-benchmarks-oxphp-postgres-1,796.03,91855258,33608119091,0.27,1750000000,19400000000,0,297000000,29
2026-09-26T00:03:12+00:00,valkey,02e9553fc52f,yii3-benchmarks-oxphp-valkey-1,1.98,3829400,33608119091,0.01,233000000,41200000,0,0,8
2026-09-26T00:03:15+00:00,oxphp,0fb77ee85683,yii3-benchmarks-oxphp-oxphp-1,625.42,160222413,33608119091,0.48,21800000000,41600000000,131000,0,31
2026-09-26T00:03:15+00:00,postgres,7c182f6ca1ab,yii3-benchmarks-oxphp-postgres-1,802.03,91467284,33608119091,0.27,1770000000,19700000000,0,297000000,29
2026-09-26T00:03:15+00:00,valkey,02e9553fc52f,yii3-benchmarks-oxphp-valkey-1,3.61,3829400,33608119091,0.01,234000000,41300000,0,0,8
2026-09-26T00:03:18+00:00,oxphp,0fb77ee85683,yii3-benchmarks-oxphp-oxphp-1,621.26,160956416,33608119091,0.48,22100000000,42100000000,131000,0,31
2026-09-26T00:03:18+00:00,postgres,7c182f6ca1ab,yii3-benchmarks-oxphp-postgres-1,790.55,93627351,33608119091,0.28,1800000000,20000000000,0,297000000,29
2026-09-26T00:03:18+00:00,valkey,02e9553fc52f,yii3-benchmarks-oxphp-valkey-1,4.05,3829400,33608119091,0.01,234000000,41400000,0,0,8
2026-09-26T00:03:21+00:00,oxphp,0fb77ee85683,yii3-benchmarks-oxphp-oxphp-1,634.85,160536986,33608119091,0.48,22400000000,42600000000,131000,0,31
2026-09-26T00:03:21+00:00,postgres,7c182f6ca1ab,yii3-benchmarks-oxphp-postgres-1,804.65,92494889,33608119091,0.28,1840000000,20300000000,0,297000000,29
2026-09-26T00:03:21+00:00,valkey,02e9553fc52f,yii3-benchmarks-oxphp-valkey-1,2.6,3829400,33608119091,0.01,235000000,41500000,0,0,8
2026-09-26T00:03:25+00:00,oxphp,0fb77ee85683,yii3-benchmarks-oxphp-oxphp-1,638.77,158859264,33608119091,0.47,22700000000,43200000000,131000,0,31
2026-09-26T00:03:25+00:00,postgres,7c182f6ca1ab,yii3-benchmarks-oxphp-postgres-1,805.86,89328189,33608119091,0.27,1860000000,20700000000,0,297000000,29
2026-09-26T00:03:25+00:00,valkey,02e9553fc52f,yii3-benchmarks-oxphp-valkey-1,3.98,3964666,33608119091,0.01,236000000,41600000,0,0,8
2026-09-26T00:03:28+00:00,oxphp,0fb77ee85683,yii3-benchmarks-oxphp-oxphp-1,620.16,159278694,33608119091,0.47,23000000000,43800000000,131000,0,31
2026-09-26T00:03:28+00:00,postgres,7c182f6ca1ab,yii3-benchmarks-oxphp-postgres-1,803.85,89611305,33608119091,0.27,1890000000,21000000000,0,297000000,29
2026-09-26T00:03:28+00:00,valkey,02e9553fc52f,yii3-benchmarks-oxphp-valkey-1,2.32,3829400,33608119091,0.01,236000000,41700000,0,0,8
2026-09-26T00:03:31+00:00,oxphp,0fb77ee85683,yii3-benchmarks-oxphp-oxphp-1,630.48,159068979,33608119091,0.47,23300000000,44300000000,131000,0,31
2026-09-26T00:03:31+00:00,postgres,7c182f6ca1ab,yii3-benchmarks-oxphp-postgres-1,805.07,91970601,33608119091,0.27,1920000000,21300000000,0,297000000,29
2026-09-26T00:03:31+00:00,valkey,02e9553fc52f,yii3-benchmarks-oxphp-valkey-1,2.18,3829400,33608119091,0.01,237000000,41800000,0,0,8
2026-09-26T00:03:34+00:00,oxphp,0fb77ee85683,yii3-benchmarks-oxphp-oxphp-1,629.46,159383552,33608119091,0.47,23600000000,44800000000,131000,0,31
2026-09-26T00:03:34+00:00,postgres,7c182f6ca1ab,yii3-benchmarks-oxphp-postgres-1,802.99,90628424,33608119091,0.27,1950000000,21600000000,0,297000000,29
2026-09-26T00:03:34+00:00,valkey,02e9553fc52f,yii3-benchmarks-oxphp-valkey-1,3.97,3829400,33608119091,0.01,238000000,42000000,0,0,8
2026-09-26T00:03:37+00:00,oxphp,0fb77ee85683,yii3-benchmarks-oxphp-oxphp-1,522.25,159383552,33608119091,0.47,23900000000,45300000000,131000,0,31
2026-09-26T00:03:37+00:00,postgres,7c182f6ca1ab,yii3-benchmarks-oxphp-postgres-1,666.52,89967821,33608119091,0.27,1970000000,21800000000,0,297000000,29
2026-09-26T00:03:37+00:00,valkey,02e9553fc52f,yii3-benchmarks-oxphp-valkey-1,2.22,3829400,33608119091,0.01,238000000,42000000,0,0,8
2026-09-26T00:03:40+00:00,oxphp,0fb77ee85683,yii3-benchmarks-oxphp-oxphp-1,629.52,159383552,33608119091,0.47,24100000000,45700000000,131000,0,31
2026-09-26T00:03:40+00:00,postgres,7c182f6ca1ab,yii3-benchmarks-oxphp-postgres-1,804.46,95588188,33608119091,0.28,1990000000,22000000000,0,297000000,29
2026-09-26T00:03:40+00:00,valkey,02e9553fc52f,yii3-benchmarks-oxphp-valkey-1,2.23,3829400,33608119091,0.01,239000000,42200000,0,0,8
2026-09-26T00:03:43+00:00,oxphp,0fb77ee85683,yii3-benchmarks-oxphp-oxphp-1,634.47,160012698,33608119091,0.48,24500000000,46400000000,131000,0,31
2026-09-26T00:03:43+00:00,postgres,7c182f6ca1ab,yii3-benchmarks-oxphp-postgres-1,817.08,90072678,33608119091,0.27,2020000000,22400000000,0,297000000,29
2026-09-26T00:03:43+00:00,valkey,02e9553fc52f,yii3-benchmarks-oxphp-valkey-1,2.07,3829400,33608119091,0.01,239000000,42300000,0,0,8
2026-09-26T00:03:46+00:00,oxphp,0fb77ee85683,yii3-benchmarks-oxphp-oxphp-1,631.77,159907840,33608119091,0.48,24800000000,46900000000,131000,0,31
2026-09-26T00:03:46+00:00,postgres,7c182f6ca1ab,yii3-benchmarks-oxphp-postgres-1,803.34,90806682,33608119091,0.27,2040000000,22600000000,0,297000000,29
2026-09-26T00:03:46+00:00,valkey,02e9553fc52f,yii3-benchmarks-oxphp-valkey-1,2.19,3829400,33608119091,0.01,240000000,42400000,0,0,8
2026-09-26T00:03:49+00:00,oxphp,0fb77ee85683,yii3-benchmarks-oxphp-oxphp-1,613.58,160222413,33608119091,0.48,25100000000,47400000000,131000,0,31
2026-09-26T00:03:49+00:00,postgres,7c182f6ca1ab,yii3-benchmarks-oxphp-postgres-1,783.89,90250936,33608119091,0.27,2080000000,23000000000,0,297000000,29
2026-09-26T00:03:49+00:00,valkey,02e9553fc52f,yii3-benchmarks-oxphp-valkey-1,2.12,3829400,33608119091,0.01,240000000,42400000,0,0,8
2026-09-26T00:03:52+00:00,oxphp,0fb77ee85683,yii3-benchmarks-oxphp-oxphp-1,630.81,160222413,33608119091,0.48,25400000000,47900000000,131000,0,31
2026-09-26T00:03:52+00:00,postgres,7c182f6ca1ab,yii3-benchmarks-oxphp-postgres-1,794.88,92736061,33608119091,0.28,2100000000,23300000000,0,297000000,29
2026-09-26T00:03:52+00:00,valkey,02e9553fc52f,yii3-benchmarks-oxphp-valkey-1,4.41,3829400,33608119091,0.01,241000000,42600000,0,0,8
2026-09-26T00:03:55+00:00,oxphp,0fb77ee85683,yii3-benchmarks-oxphp-oxphp-1,634.84,159278694,33608119091,0.47,25700000000,48500000000,131000,0,31
2026-09-26T00:03:55+00:00,postgres,7c182f6ca1ab,yii3-benchmarks-oxphp-postgres-1,811.11,91142226,33608119091,0.27,2130000000,23600000000,0,297000000,29
2026-09-26T00:03:55+00:00,valkey,02e9553fc52f,yii3-benchmarks-oxphp-valkey-1,2,3829400,33608119091,0.01,241000000,42600000,0,0,8
2026-09-26T00:03:58+00:00,oxphp,0fb77ee85683,yii3-benchmarks-oxphp-oxphp-1,637.18,160432128,33608119091,0.48,26000000000,49000000000,131000,0,31
2026-09-26T00:03:58+00:00,postgres,7c182f6ca1ab,yii3-benchmarks-oxphp-postgres-1,809.96,95137300,33608119091,0.28,2160000000,23900000000,0,297000000,29
2026-09-26T00:03:58+00:00,valkey,02e9553fc52f,yii3-benchmarks-oxphp-valkey-1,4.34,3829400,33608119091,0.01,242000000,42700000,0,0,8
2026-09-26T00:04:01+00:00,oxphp,0fb77ee85683,yii3-benchmarks-oxphp-oxphp-1,638.37,160222413,33608119091,0.48,26300000000,49500000000,131000,0,31
2026-09-26T00:04:01+00:00,postgres,7c182f6ca1ab,yii3-benchmarks-oxphp-postgres-1,787.72,89160417,33608119091,0.27,2180000000,24200000000,0,297000000,29
2026-09-26T00:04:01+00:00,valkey,02e9553fc52f,yii3-benchmarks-oxphp-valkey-1,2.54,3829400,33608119091,0.01,243000000,42900000,0,0,8
2026-09-26T00:04:04+00:00,oxphp,0fb77ee85683,yii3-benchmarks-oxphp-oxphp-1,622.61,161061274,33608119091,0.48,26600000000,50000000000,131000,0,31
2026-09-26T00:04:04+00:00,postgres,7c182f6ca1ab,yii3-benchmarks-oxphp-postgres-1,789.51,87681925,33608119091,0.26,2200000000,24400000000,0,297000000,29
2026-09-26T00:04:04+00:00,valkey,02e9553fc52f,yii3-benchmarks-oxphp-valkey-1,3.82,3829400,33608119091,0.01,243000000,42900000,0,0,8
2026-09-26T00:04:07+00:00,oxphp,0fb77ee85683,yii3-benchmarks-oxphp-oxphp-1,522.42,156447539,33608119091,0.47,26800000000,50400000000,131000,0,31
2026-09-26T00:04:07+00:00,postgres,7c182f6ca1ab,yii3-benchmarks-oxphp-postgres-1,794.46,91697971,33608119091,0.27,2220000000,24600000000,0,297000000,29
2026-09-26T00:04:07+00:00,valkey,02e9553fc52f,yii3-benchmarks-oxphp-valkey-1,4.11,3829400,33608119091,0.01,244000000,43100000,0,0,8
2026-09-26T00:04:10+00:00,oxphp,0fb77ee85683,yii3-benchmarks-oxphp-oxphp-1,630.98,157076685,33608119091,0.47,27000000000,50800000000,131000,0,31
2026-09-26T00:04:10+00:00,postgres,7c182f6ca1ab,yii3-benchmarks-oxphp-postgres-1,817.73,92023030,33608119091,0.27,2250000000,25000000000,0,297000000,29
2026-09-26T00:04:10+00:00,valkey,02e9553fc52f,yii3-benchmarks-oxphp-valkey-1,2.35,3829400,33608119091,0.01,244000000,43100000,0,0,8
2026-09-26T00:04:13+00:00,oxphp,0fb77ee85683,yii3-benchmarks-oxphp-oxphp-1,635.84,156866970,33608119091,0.47,27300000000,51300000000,131000,0,31
2026-09-26T00:04:13+00:00,postgres,7c182f6ca1ab,yii3-benchmarks-oxphp-postgres-1,787.92,90575995,33608119091,0.27,2280000000,25300000000,0,297000000,29
2026-09-26T00:04:13+00:00,valkey,02e9553fc52f,yii3-benchmarks-oxphp-valkey-1,3.74,3829400,33608119091,0.01,245000000,43200000,0,0,8
2026-09-26T00:04:16+00:00,oxphp,0fb77ee85683,yii3-benchmarks-oxphp-oxphp-1,609.47,157600973,33608119091,0.47,27700000000,52000000000,131000,0,31
2026-09-26T00:04:16+00:00,postgres,7c182f6ca1ab,yii3-benchmarks-oxphp-postgres-1,793.93,90607452,33608119091,0.27,2310000000,25600000000,0,297000000,29
2026-09-26T00:04:16+00:00,valkey,02e9553fc52f,yii3-benchmarks-oxphp-valkey-1,4.16,3829400,33608119091,0.01,245000000,43200000,0,0,8
2026-09-26T00:04:19+00:00,oxphp,0fb77ee85683,yii3-benchmarks-oxphp-oxphp-1,638.74,158020403,33608119091,0.47,28000000000,52500000000,131000,0,31
2026-09-26T00:04:19+00:00,postgres,7c182f6ca1ab,yii3-benchmarks-oxphp-postgres-1,811.13,90450166,33608119091,0.27,2330000000,25900000000,0,297000000,29
2026-09-26T00:04:19+00:00,valkey,02e9553fc52f,yii3-benchmarks-oxphp-valkey-1,2.35,3829400,33608119091,0.01,245000000,43300000,0,0,8
2026-09-26T00:04:22+00:00,oxphp,0fb77ee85683,yii3-benchmarks-oxphp-oxphp-1,622.66,157076685,33608119091,0.47,28200000000,52900000000,131000,0,31
2026-09-26T00:04:22+00:00,postgres,7c182f6ca1ab,yii3-benchmarks-oxphp-postgres-1,809.58,90722796,33608119091,0.27,2360000000,26200000000,0,297000000,29
2026-09-26T00:04:22+00:00,valkey,02e9553fc52f,yii3-benchmarks-oxphp-valkey-1,3.7,3829400,33608119091,0.01,246000000,43400000,0,0,8
2026-09-26T00:04:25+00:00,oxphp,0fb77ee85683,yii3-benchmarks-oxphp-oxphp-1,629.38,157076685,33608119091,0.47,28600000000,53600000000,131000,0,31
2026-09-26T00:04:25+00:00,postgres,7c182f6ca1ab,yii3-benchmarks-oxphp-postgres-1,806.95,90806682,33608119091,0.27,2390000000,26400000000,0,297000000,29
2026-09-26T00:04:25+00:00,valkey,02e9553fc52f,yii3-benchmarks-oxphp-valkey-1,2.28,3829400,33608119091,0.01,246000000,43500000,0,0,8
2026-09-26T00:04:28+00:00,oxphp,0fb77ee85683,yii3-benchmarks-oxphp-oxphp-1,628.19,157286400,33608119091,0.47,28800000000,53900000000,131000,0,31
2026-09-26T00:04:28+00:00,postgres,7c182f6ca1ab,yii3-benchmarks-oxphp-postgres-1,823,94067753,33608119091,0.28,2410000000,26700000000,0,297000000,29
2026-09-26T00:04:28+00:00,valkey,02e9553fc52f,yii3-benchmarks-oxphp-valkey-1,4.24,3829400,33608119091,0.01,247000000,43600000,0,0,8
2026-09-26T00:04:31+00:00,oxphp,0fb77ee85683,yii3-benchmarks-oxphp-oxphp-1,617.64,156762112,33608119091,0.47,29200000000,54600000000,131000,0,31
2026-09-26T00:04:31+00:00,postgres,7c182f6ca1ab,yii3-benchmarks-oxphp-postgres-1,784.96,90208993,33608119091,0.27,2440000000,27000000000,0,297000000,29
2026-09-26T00:04:31+00:00,valkey,02e9553fc52f,yii3-benchmarks-oxphp-valkey-1,1.97,3829400,33608119091,0.01,247000000,43700000,0,0,8
2026-09-26T00:04:34+00:00,oxphp,0fb77ee85683,yii3-benchmarks-oxphp-oxphp-1,635.58,157286400,33608119091,0.47,29500000000,55200000000,131000,0,31
2026-09-26T00:04:34+00:00,postgres,7c182f6ca1ab,yii3-benchmarks-oxphp-postgres-1,818.58,91823800,33608119091,0.27,2460000000,27200000000,0,297000000,29
2026-09-26T00:04:34+00:00,valkey,02e9553fc52f,yii3-benchmarks-oxphp-valkey-1,2.37,3829400,33608119091,0.01,248000000,43800000,0,0,8
2026-09-26T00:04:37+00:00,oxphp,0fb77ee85683,yii3-benchmarks-oxphp-oxphp-1,526.77,158439834,33608119091,0.47,29800000000,55700000000,131000,0,31
2026-09-26T00:04:37+00:00,postgres,7c182f6ca1ab,yii3-benchmarks-oxphp-postgres-1,668.45,91037368,33608119091,0.27,2490000000,27600000000,0,297000000,29
2026-09-26T00:04:37+00:00,valkey,02e9553fc52f,yii3-benchmarks-oxphp-valkey-1,2.33,3829400,33608119091,0.01,248000000,43900000,0,0,8
2026-09-26T00:04:40+00:00,oxphp,0fb77ee85683,yii3-benchmarks-oxphp-oxphp-1,644.36,158439834,33608119091,0.47,30100000000,56200000000,131000,0,31
2026-09-26T00:04:40+00:00,postgres,7c182f6ca1ab,yii3-benchmarks-oxphp-postgres-1,820.09,91257569,33608119091,0.27,2520000000,27900000000,0,297000000,29
2026-09-26T00:04:40+00:00,valkey,02e9553fc52f,yii3-benchmarks-oxphp-valkey-1,4.25,3829400,33608119091,0.01,249000000,44000000,0,0,8
2026-09-26T00:04:43+00:00,oxphp,0fb77ee85683,yii3-benchmarks-oxphp-oxphp-1,636.5,158544691,33608119091,0.47,30400000000,56700000000,131000,0,31
2026-09-26T00:04:43+00:00,postgres,7c182f6ca1ab,yii3-benchmarks-oxphp-postgres-1,805.32,90513080,33608119091,0.27,2530000000,28100000000,0,297000000,29
2026-09-26T00:04:43+00:00,valkey,02e9553fc52f,yii3-benchmarks-oxphp-valkey-1,2.5,3829400,33608119091,0.01,250000000,44100000,0,0,8
2026-09-26T00:04:46+00:00,oxphp,0fb77ee85683,yii3-benchmarks-oxphp-oxphp-1,632.24,158964122,33608119091,0.47,30600000000,57000000000,131000,0,31
2026-09-26T00:04:46+00:00,postgres,7c182f6ca1ab,yii3-benchmarks-oxphp-postgres-1,809.93,90544538,33608119091,0.27,2570000000,28500000000,0,297000000,29
2026-09-26T00:04:46+00:00,valkey,02e9553fc52f,yii3-benchmarks-oxphp-valkey-1,4.51,3829400,33608119091,0.01,250000000,44200000,0,0,8
2026-09-26T00:04:49+00:00,oxphp,0fb77ee85683,yii3-benchmarks-oxphp-oxphp-1,635.97,157496115,33608119091,0.47,30900000000,57600000000,131000,0,31
2026-09-26T00:04:49+00:00,postgres,7c182f6ca1ab,yii3-benchmarks-oxphp-postgres-1,819.56,91540685,33608119091,0.27,2590000000,28800000000,0,297000000,29
2026-09-26T00:04:49+00:00,valkey,02e9553fc52f,yii3-benchmarks-oxphp-valkey-1,2.36,3829400,33608119091,0.01,251000000,44300000,0,0,8
2026-09-26T00:04:52+00:00,oxphp,0fb77ee85683,yii3-benchmarks-oxphp-oxphp-1,636.38,158020403,33608119091,0.47,31200000000,58100000000,131000,0,31
2026-09-26T00:04:52+00:00,postgres,7c182f6ca1ab,yii3-benchmarks-oxphp-postgres-1,812.19,92819948,33608119091,0.28,2620000000,29000000000,0,297000000,29
2026-09-26T00:04:52+00:00,valkey,02e9553fc52f,yii3-benchmarks-oxphp-valkey-1,2.02,3829400,33608119091,0.01,251000000,44400000,0,0,8
2026-09-26T00:04:55+00:00,oxphp,0fb77ee85683,yii3-benchmarks-oxphp-oxphp-1,623.06,157810688,33608119091,0.47,31500000000,58600000000,131000,0,31
2026-09-26T00:04:55+00:00,postgres,7c182f6ca1ab,yii3-benchmarks-oxphp-postgres-1,798.8,91278541,33608119091,0.27,2640000000,29300000000,0,297000000,29
2026-09-26T00:04:55+00:00,valkey,02e9553fc52f,yii3-benchmarks-oxphp-valkey-1,4.07,3829400,33608119091,0.01,252000000,44500000,0,0,8
2026-09-26T00:04:58+00:00,oxphp,0fb77ee85683,yii3-benchmarks-oxphp-oxphp-1,636.42,158230118,33608119091,0.47,31900000000,59300000000,131000,0,31
2026-09-26T00:04:58+00:00,postgres,7c182f6ca1ab,yii3-benchmarks-oxphp-postgres-1,800.88,90334822,33608119091,0.27,2670000000,29500000000,0,297000000,29
2026-09-26T00:04:58+00:00,valkey,02e9553fc52f,yii3-benchmarks-oxphp-valkey-1,4.47,3829400,33608119091,0.01,252000000,44500000,0,0,8
2026-09-26T00:05:01+00:00,oxphp,0fb77ee85683,yii3-benchmarks-oxphp-oxphp-1,644.31,157391258,33608119091,0.47,32100000000,59700000000,131000,0,31
2026-09-26T00:05:01+00:00,postgres,7c182f6ca1ab,yii3-benchmarks-oxphp-postgres-1,806.75,89873449,33608119091,0.27,2700000000,29900000000,0,297000000,29
2026-09-26T00:05:01+00:00,valkey,02e9553fc52f,yii3-benchmarks-oxphp-valkey-1,2.7,3829400,33608119091,0.01,252000000,44600000,0,0,8
2026-09-26T00:05:04+00:00,oxphp,0fb77ee85683,yii3-benchmarks-oxphp-oxphp-1,646.73,157810688,33608119091,0.47,32300000000,60100000000,131000,0,31
2026-09-26T00:05:04+00:00,postgres,7c182f6ca1ab,yii3-benchmarks-oxphp-postgres-1,811.96,93417636,33608119091,0.28,2720000000,30100000000,0,297000000,29
2026-09-26T00:05:04+00:00,valkey,02e9553fc52f,yii3-benchmarks-oxphp-valkey-1,2.18,3829400,33608119091,0.01,253000000,44700000,0,0,8
2026-09-26T00:05:08+00:00,oxphp,0fb77ee85683,yii3-benchmarks-oxphp-oxphp-1,651.92,157810688,33608119091,0.47,32600000000,60500000000,131000,0,31
2026-09-26T00:05:08+00:00,postgres,7c182f6ca1ab,yii3-benchmarks-oxphp-postgres-1,672.55,91624571,33608119091,0.27,2740000000,30400000000,0,297000000,29
2026-09-26T00:05:08+00:00,valkey,02e9553fc52f,yii3-benchmarks-oxphp-valkey-1,3.95,3829400,33608119091,0.01,253000000,44800000,0,0,8
2026-09-26T00:05:11+00:00,oxphp,0fb77ee85683,yii3-benchmarks-oxphp-oxphp-1,643.17,158230118,33608119091,0.47,32900000000,61100000000,131000,0,31
2026-09-26T00:05:11+00:00,postgres,7c182f6ca1ab,yii3-benchmarks-oxphp-postgres-1,805.11,88562729,33608119091,0.26,2760000000,30600000000,0,297000000,29
2026-09-26T00:05:11+00:00,valkey,02e9553fc52f,yii3-benchmarks-oxphp-valkey-1,4.34,3829400,33608119091,0.01,254000000,44800000,0,0,8
2026-09-26T00:05:14+00:00,oxphp,0fb77ee85683,yii3-benchmarks-oxphp-oxphp-1,637.29,175426765,33608119091,0.52,33100000000,61400000000,131000,0,32
2026-09-26T00:05:14+00:00,postgres,7c182f6ca1ab,yii3-benchmarks-oxphp-postgres-1,820.89,90051707,33608119091,0.27,2790000000,30900000000,0,297000000,29
2026-09-26T00:05:14+00:00,valkey,02e9553fc52f,yii3-benchmarks-oxphp-valkey-1,3.72,3829400,33608119091,0.01,254000000,44900000,0,0,8
2026-09-26T00:05:17+00:00,oxphp,0fb77ee85683,yii3-benchmarks-oxphp-oxphp-1,630.02,158125261,33608119091,0.47,33500000000,62100000000,131000,0,31
2026-09-26T00:05:17+00:00,postgres,7c182f6ca1ab,yii3-benchmarks-oxphp-postgres-1,797.41,93658808,33608119091,0.28,2820000000,31200000000,0,297000000,29
2026-09-26T00:05:17+00:00,valkey,02e9553fc52f,yii3-benchmarks-oxphp-valkey-1,4.14,3829400,33608119091,0.01,254000000,45000000,0,0,8
2026-09-26T00:05:20+00:00,oxphp,0fb77ee85683,yii3-benchmarks-oxphp-oxphp-1,636.26,158125261,33608119091,0.47,33800000000,62600000000,131000,0,31
2026-09-26T00:05:20+00:00,postgres,7c182f6ca1ab,yii3-benchmarks-oxphp-postgres-1,814.16,90229965,33608119091,0.27,2830000000,31400000000,0,297000000,29
2026-09-26T00:05:20+00:00,valkey,02e9553fc52f,yii3-benchmarks-oxphp-valkey-1,3.97,3829400,33608119091,0.01,255000000,45100000,0,0,8
2026-09-26T00:05:23+00:00,oxphp,0fb77ee85683,yii3-benchmarks-oxphp-oxphp-1,639.02,159173837,33608119091,0.47,34000000000,63000000000,131000,0,31
2026-09-26T00:05:23+00:00,postgres,7c182f6ca1ab,yii3-benchmarks-oxphp-postgres-1,809.64,91404370,33608119091,0.27,2870000000,31800000000,0,297000000,29
2026-09-26T00:05:23+00:00,valkey,02e9553fc52f,yii3-benchmarks-oxphp-valkey-1,2.18,3829400,33608119091,0.01,255000000,45100000,0,0,8
2026-09-26T00:05:26+00:00,oxphp,0fb77ee85683,yii3-benchmarks-oxphp-oxphp-1,630.73,158230118,33608119091,0.47,34400000000,63700000000,131000,0,31
2026-09-26T00:05:26+00:00,postgres,7c182f6ca1ab,yii3-benchmarks-oxphp-postgres-1,822.86,94204068,33608119091,0.28,2890000000,32100000000,0,297000000,36
2026-09-26T00:05:26+00:00,valkey,02e9553fc52f,yii3-benchmarks-oxphp-valkey-1,2.42,3829400,33608119091,0.01,256000000,45200000,0,0,8
2026-09-26T00:05:29+00:00,oxphp,0fb77ee85683,yii3-benchmarks-oxphp-oxphp-1,628.45,158334976,33608119091,0.47,34700000000,64200000000,131000,0,31
2026-09-26T00:05:29+00:00,postgres,7c182f6ca1ab,yii3-benchmarks-oxphp-postgres-1,804.22,91760886,33608119091,0.27,2910000000,32300000000,0,297000000,29
2026-09-26T00:05:29+00:00,valkey,02e9553fc52f,yii3-benchmarks-oxphp-valkey-1,2.75,3829400,33608119091,0.01,257000000,45400000,0,0,8
2026-09-26T00:05:32+00:00,oxphp,0fb77ee85683,yii3-benchmarks-oxphp-oxphp-1,639.72,158125261,33608119091,0.47,35000000000,64700000000,131000,0,31
2026-09-26T00:05:32+00:00,postgres,7c182f6ca1ab,yii3-benchmarks-oxphp-postgres-1,799.76,89894420,33608119091,0.27,2940000000,32600000000,0,297000000,29
2026-09-26T00:05:32+00:00,valkey,02e9553fc52f,yii3-benchmarks-oxphp-valkey-1,2.14,3829400,33608119091,0.01,257000000,45400000,0,0,8
2026-09-26T00:05:35+00:00,oxphp,0fb77ee85683,yii3-benchmarks-oxphp-oxphp-1,631.37,159383552,33608119091,0.47,35300000000,65300000000,131000,0,31
2026-09-26T00:05:35+00:00,postgres,7c182f6ca1ab,yii3-benchmarks-oxphp-postgres-1,810.27,90198508,33608119091,0.27,2970000000,33000000000,0,297000000,29
2026-09-26T00:05:35+00:00,valkey,02e9553fc52f,yii3-benchmarks-oxphp-valkey-1,3.8,3829400,33608119091,0.01,258000000,45500000,0,0,8
